<?xml version="1.0" encoding="UTF-8"?>
<document type="com.apple.InterfaceBuilder3.CocoaTouch.Storyboard.XIB" version="3.0" toolsVersion="19455" targetRuntime="iOS.CocoaTouch" propertyAccessControl="none" useAutolayout="YES" launchScreen="YES" useTraitCollections="YES" useSafeAreas="YES" colorMatched="YES" initialViewController="01J-lp-oVM">
    <device id="retina6_1" orientation="portrait" appearance="light"/>
    <dependencies>
        <deployment identifier="iOS"/>
        <plugIn identifier="com.apple.InterfaceBuilder.IBCocoaTouchPlugin" version="19454"/>
        <capability name="Safe area layout guides" minToolsVersion="9.0"/>
        <capability name="documents saved in the Xcode 8 format" minToolsVersion="8.0"/>
    </dependencies>
    <scenes>
        <!--View Controller-->
        <scene sceneID="EHf-IW-A2E">
            <objects>
                <viewController id="01J-lp-oVM" sceneMemberID="viewController">
                    <view key="view" contentMode="scaleToFill" id="Ze5-6b-2t3">
                        <rect key="frame" x="0.0" y="0.0" width="414" height="896"/>
                        <autoresizingMask key="autoresizingMask" widthSizable="YES" heightSizable="YES"/>
                        <subviews>
                            <imageView clipsSubviews="YES" userInteractionEnabled="NO" contentMode="scaleAspectFit" horizontalHuggingPriority="251" verticalHuggingPriority="251" image="logo_white" translatesAutoresizingMaskIntoConstraints="NO" id="Xfk-dv-ZCK">
                                <rect key="frame" x="87" y="384" width="240" height="128"/>
                                <constraints>
                                    <constraint firstAttribute="width" constant="240" id="09X-oh-w3r"/>
                                    <constraint firstAttribute="width" secondItem="Xfk-dv-ZCK" secondAttribute="height" multiplier="15:8" id="pTb-g3-4uk"/>
                                </constraints>
                            </imageView>
                        </subviews>
                        <viewLayoutGuide key="safeArea" id="6Tk-OE-BBY"/>
                        <color key="backgroundColor" red="0.1764705882352941" green="0.2627450980392157" blue="0.45098039215686275" alpha="1" colorSpace="custom" customColorSpace="sRGB"/>
                        <constraints>
                            <constraint firstItem="Xfk-dv-ZCK" firstAttribute="centerX" secondItem="Ze5-6b-2t3" secondAttribute="centerX" id="VKY-NJ-6FI"/>
                            <constraint firstItem="Xfk-dv-ZCK" firstAttribute="centerY" secondItem="Ze5-6b-2t3" secondAttribute="centerY" id="f3h-Yb-pwz"/>
                        </constraints>
                    </view>
                </viewController>
                <placeholder placeholderIdentifier="IBFirstResponder" id="iYj-Kq-Ea1" userLabel="First Responder" sceneMemberID="firstResponder"/>
            </objects>
            <point key="canvasLocation" x="53" y="375"/>
        </scene>
    </scenes>
    <resources>
        <image name="logo_white" width="60" height="41.666667938232422"/>
    </resources>
</document>
